first_name,last_name
Рая,Левтеева
Даниил,Леснухин
Айгулька,Гильмуллина
Евгения,Котова
Максим,Ефремов
Вика,Захарова
Akylai,Zainalieva
Татьяна,Золотовская
Леля,Тарбеева
Вероника,Счастливая
Александр,Головин
Катя,Литвиненко
Ольга,Шестерикова
Владислав,Узлов
Кристина,Волкова
Алена,Πетрова
Лелуш,Британский
Олеся,Абалина
Игорь,Абрамов
Edito,Liske
Надия,Манголова
Денис,Гавриков
Настя,Аверина
София,Парнок
Павел,Терехин
Иринка,Никулина
Алла,Юдина
Света,Савичева
Дима,Свет
Екатерина,Мукосова
Инга,Платика
Артём,Антошин
Павел,Минаев
Максим,Камиляев
Анастасия,Смирнова
Арина,Афанасьева
Катерина,Рудь
Владимир,Близь
Юра,Гонторенко
Фердик,Нугуманов
Marat,Azatov
Александр,Луговской
Елена,Соболевская
Ринат,Забиров
Эльмир,Зарипов
Павел,Шульгин
Мила,Ларионова
Александр,Пономарёв
Толя,Майсин
Анатолий,Жмуд
Владимир,Санаров
Дмитрий,Бучатский
Кувват,Гарлыев
Алина,Захарова
Денис,Матягин
Максим,Щербина
Жанна,Палютина
Евгений,Малянов
Александр,Александров
Виолетта,Озарникова
Анна,Рыжова
Елена,Пылат
Федор,Заков
Maria,Gnuskova
Алина,Агафонцева
Владимир,Копылов
Денис,Хромов
Анжела,Барабан
Гузель,Гатиятуллина
Дмитрий,Зверев
Рамиль,Хасанов
Владислава,Марченко
Вячеслав,Кралин
Богдан,Красильников
Марина,Кравзина
Арина,Егорова
Игорь,Ожигов
Илья,Самаев
Адель,Миннебаев
Диана,Хайрутдинова
Светланка,Андреева
Сергей,Герасимов
Лейсан,Олешко
Кристина,Хубахова
Анюта,Тарасова
Marik,Файзуллин
Артем,Балуев
Алексей,Жданов
Илья,Свечихин
Никита,Николаев
Али,Изатов
Дмитрий,Буканин
Булат,Алиев
Ирина,Петрова
Александр,Потапов
Федор,Соловьёв
Вячеслав,Смирнов
Вероника,Романова
Дмитрий,Быковский
Александр,Баюшев
Нина,Лисова
Татьяна,Геращенко
Илья,Суворов
Сергей,Кононов
Гузалия,Абдулгазина
Альбина,Кускова
Karishka,Chocolate
Рамиль,Гайнуллин
Александр,Михайлов
Анжелика,Малиновская
Асхат,Шайхисламов
Аня,Богданова
Евгения,Королева
Денис,Шестаков
Валентина,Степанова
Оксана,Жуковская
Maria,Kholodtsova
Радик,Ахметов
Никита,Михайленко
Яна,Захарова
Екатерина,Кузьмина-Шепелева
Станислав,Никулин
Александр,Кузнецов
Никита,Раскольников
Андрей,Шолохов
Александр,Писарьков
Айгуль,Вершинина
Яна,Савина
Любовь,Дунаева
София,Трепачева
Влад,Кадылкин
Аделина,Хуснутдинова
Дмитрий,Барбаков
Евгений,Конников
Венсдейл,Адамс
Александр,Лаппо
Всеволод,Судариков
Андрей,Терё
Nikita,Kerchatiy
Михаил,Соловьев
Ангелина,Романова
Александр,Гусев
Дмитрий,Чебаков
Елена,Пермякова
Екатерина,Чичулина
Евгений,Абрамов
Юля,Грыжа
Илюза,Гайнуллина
Мария,Борисова
Любовь,Михайлова
Милана,Теплякова
Мария,Семеновых
Светлана,Артемьева
Виталий,Гартман
Диана,Кудрявцева
Анна,Ткаченко
Никита,Бухтияров
Шоди,Саидов
Иван,Большаков
Анатолий,Колпаков
Александр,Лузгин
Михаил,Лаптев
Артемий,Томский
Alex,Shadow
Marianna,Shipitcina
Юрий,Кайниев
Сергей,Волков
Татьяна,Смирнова
Елена,Зверева
Карина,Валиева
София,Касимова
Маргарита,Виногрградова
Иришка,Конфетка
Ангелина,Кубьяс
Лизунчик,Юсупова
Анна,Умнова
Марат,Хакимов
Александр,Чистяков
Настюша,Романовская
Алина,Журавлева
Den,Koptev
Илья,Гордеев
Надежда,Ашевская
Юра,Антонов
Александр,Васильев
Татьяна,Пошивова
Александр,Селиверстов
Дмитрий,Марков
Матвей,Коробкин
Адель,Раимов
Александр,Бородин
Кристина,Красоточка
Оля,Машанова
Анюта,Юдина
Илона,Коринец
Полина,Коломейцева
Алексашка,Мечов
Александра,Султанова
Лика,Белова
Марина,Жукова-Урлукова
Дарина,Нурутдинова
Эрик,Алексанян
Азат,Пшембай
Анюта,Чёрная
Станислав,Мячин
Евангелина,Крамская
Антон,Трофимов
Денис,Стрелков
Олег,Хуч
Артем,Герасимов
Арина,Шикина
Анна,Аксёнова
Малия,Ларрина
Алина,Кудрявцева
Екатерина,Успенская
Марина,Зверева
Лиля,Имашева
Максим,Хищенко
Елена,Исинбаева
Анна,Митина
Алена,Зименкова
Айсылу,Ибрагимова
Макс,Лавров
Антон,Юрик
Евгений,Сарафанов
Дима,Билан
Кристина,Певцова
Ксения,Туркина
Катя,Горохова
Ирина,Антипова
Григорий,Миндеров
Гадель,Сибгатуллин
Artem,Zuborev
Леонид,Мурыгин
Bekzod,Karimov
Эльдар,Ерофеев
Вадим,Шаповалов
Дмитрий,Маракшин
Варвара,Юрьинская
Гузель,Курбанова
Араз,Муталлимов
Тимур,Пыхтин
Олег,Скрынник
Артур,Шермамадов
Катя,Горячих
Владимир,Миронов
Katya,Petropavlovskih
Вероника,Кастро
Дмитрий,Лебедев
Руслан,Михайлов
Игорь,Олейников
Мухаммаджан,Курбанов
Максим,Белов
Катя,Кузнецова
Ясмина,Валеева
Анна,Щетинкина
Алия,Ли
Алексей,Ангиров
Алекс,Спирченков
Снежана,Шарафиева
Рустам,Муксинов
Денис,Сушко
Ксения,Мосунова
Алексей,Никитин
Дарья,Назирова
Лизка,Политова
Лидия,Старухина
Леся,Васильева
Артем,Ильин
Иван,Рудской
Павел,Морозов
Антон,Шелепнев
Сайхан,Темерезов
Алевтина,Калимуллина
Кристина,Рудбекия
Валентин,Иванов
Виктор,Игнатенко
Азат,Камалетдинов
Эвелина,Яруллина
Айнур,Зиннуров
Олеся,Никитина
Настя,Цветкова
Виктория,Тельникова
Алина,Сулейманова
Тимур,Усейнов
Регина,Гафиатуллина
Baster,Wili
Юля,Вельская
Юлия,Сапронова
Ильдар,Исламов
Евгений,Хабаров
Сергей,Новиков
Ева,Мейра
Ганна,Третьякова
Татьяна,Кержаева
Денис,Митин
Владимир,Токарев
О-Д-И-Л,Шайхуф
Айрат,Хабибулин
Валентина,Выборгская
Артур,Семагин
Дмитрий,Чечко
Андрей,Королёв
Альбертик,Галиев
Коля,Качкин
Виктор,Кудряшов
Эмма,Гутиева
Ольга,Князева
Никита,Шнайдер
Даня,Миронов
Соня,Ларионова
Ксения,Шлипакова
Елизавета,Бакеева
Ольга,Луханина
Диана,Бирюлина
Татьяна,Романькова
Сергей,Грищенков
Сергей,Ларин
Ралиф,Идрисов
Полина,Попцова
Наташа,Никишина
Илья,Филатов
Александра,Любимова
Сергей,Штейников
Эля,Болдарева
Алёна,Морозова
Иван,Дедиков
Аня,Абросимова
Кирилл,Афонин
Вика,Яковлева
Aziza,Inamova
Сергей,Иванченко
Снежана,Крофт
Артур,Абзалов
Алеся,Гарифьянова
Миша,Ставриков
Андрей,Мотков
Настя,Ершова
Залия,Ахмадеева
Денис,Шегуров
Евгений,Трякин
Тимур,Хамидуллин
Виктор,Пол
Лейсан,Ганиева
Евгений,Glv
Анечка,Буракова
Дмитрий,Ветров
Джаха,Азизов
Алексей,Краснов
Скиф,Великий
Даша,Милкина
Оксана,Забирова
Богдан,Железнов
Женя,Пантелеев
Александр,Автономов
Лилия,Аббясова
Антон,Иванов
Екатерина,Владимирова
Наталья,Рачкова
Артем,Семенов
Света,Калинина
Viko,Попова
Михаил,Малышев
Илона,Юрьева
Михаил,Секерин
Фаина,Швецова
Анна,Сиван
Регина,Долматова
Рамиль,Валиев
Алина,Лютикова
Игорь,Илларионов
Денис,Щевелёв
Артем,Сечко
Александр,Бушманов
Jes,Narko - decompose
Алёна,Андреева
Маша,Ставитская
Виктория,Лютова
Мила,Качора
Владислав,Лукьянов
Алсу,Салахова
Дмитрий,Жидков
Никита,Борисов
Дмитрий,Варварин
Маргарита,Груздева
Светлана,Моргунова
Юлиана,Белова
Лена,Горожанкина
Екатерина,Чернышова
Яна,Сачивко
Дмитрий,Назаров
Юрий,Скайнов
Никита,Сёмин
Адель,Гильмутдинов
Томас,Науялис
Алексей,Остров
Надежда,Орехова
Олег,Куприянов
Адель,Гиззатуллин
Камила,Коробейникова
Кристина,Лурье
Инсаф,Хайруллин
Oksana,Zhdanova
Валентина,Никитенко
Ильнур,Шайдуллин
Властелина,Донских
Настёна,Вилкова
Адель,Павлов
Алия,Иванова
Даниил,Абросимов
Данила,Семенищев
Юлия,Николаева
Милена,Дмитриева
Вадим,Калыван
Лиза,Ибрагимова
Анастасия,Некрасова
Антон,Акользин
Рамиль,Хабибулин
Серёга,Харитонов
Анюта,Молодцева
Валерия,Трефилова
Иван,Яцкевич
Мубаракшин,Булат
Амина,Абдуллаева
Лёша,Орлов
Алина,Беркутова
Александр,Лопачев
Карина,Малинина
Мария,Богатова
Лилия,Хафизова
Полина,Черная
Кирилл,Варивода
Дмитрий,Андреев
Артём,Цветков
Руслан,Мелехин
Алексей,Кемпер
Ростислав,Проценко
Fatima,Abrorzade
Айрат,Хакимуллин
Стас,Набиулин
Сергей,Петров
Анастасия,Грибанова
Полина,Боровицкая
Виктория,Перепелица
Ишван,Михай
Дмитрий,Сиухов
Елизавета,Архипова
Миша,Ромадановский
Тая,Журова
Ирина,Глазова
Дамир,Маратов
Катя,Волкова
Майя,Зорина
Андрей,Левитин
Дмитрий,Букликов
Алмас,Сафиуллов
Ольга,Галанова
Dima,Kirenkov
Данила,Бухтеев
Инна,Закирова
Артём',Громов
Дмитрий,Сидоров
Михаил,Аракелян
Надежда,Михайлова
Роман,Савичев
Макс,Чигринов
Эмиль,Калимуллин
Кристина,Владимирова
Катя,Константинова
Стефания,Кордовская
Милана,Белицца
Женя,Шерешевский
Лина,Добророднова
Настя,Козлова
Hicham,Yamaha
Станислав,Юшкин
Илина,Меркутова
Светлана,Николаева
Руслан,Рыбаков
Кирилл,Спивак
Никита,Власов
Барчи,Хз
Виталий,Ливиндир
Гульнар,Габдрахманова
Карим,Хайрулин
Евгений,Дерягин
Денис,Овчинников
Анастасия,Райлян
Алина,Валиева
Сергей,Беляев
Алмаз,Шайсултанов
Анастасия,Козярук
Руслан,Файзуллин
Александр,Еграшин
Илья,Егоров
Алиюшка,Али
Антон,Шадров
Никита,Зигангиров
Виктор,Юрин
Сергей,Морозов
Elena,Kondratenko
Светлана,Скрипка
Mack,So
Каша,Лобик
Марина,Утусикова
Александр,Вознесенский
Ярослав,Серов
Евгений,Каплин
Марат,Сиразетдинов
Вика,Силина
Галина,Выдренкова
Оксана,Таволжанская
Амир,Ахматов
Егор,Кузнецов
Данилив,Даневен
Мунир,Валиев
Павел,Печенин
Артём,Рычков
Артур,Набиуллин
Александра,Александрова
Айгуль,Мухаметзянова
Михаил,Устюжанин
Анастасия,Иванова
Sam,Takoy
Васек,Васек
Pacha,Sabirov
Руслан,Колсанов
Аина,Абатова
Роберт,Цирлин
Александра,Стервозная
Альбина,Полянская
Александр,Сорочинский
Айсылу,Галямова
Вакиль,Гусейнов
Polinka,Litvinenko
Александр,Макаров
Анна,Смирнова
Юлия,Елькина
Алёша,Гурьев
Nataliya,Safronova
Диана,Гурских
Андрей,Николаев
Сергей,Бутусов
Oleg,Bilalov
Иван,Давыдов
Елена,Христорадова
Ирина,Киракосян
Daf,Fred
Лена,Смирнова
Алина,Абрамова
Анастасія,Гарда
Игорь,Архипов
Дмитрий,Лермонтов
Анна,Попова
Анастасия,Крайнова
Артём,Линд
Ксения,Романцова
Ульяна,Бурмистрова
Андрей,Сергеевич
Юлия,Перова
Всеволод,Козловский
Юленька,Foxtrix
Vlad,Bichikovskiy
Ринат,Насибуллин
Вера,Соловей-Морозенко
Елена,Пантюшина
Анастасия,Милкович
Алиса,Мударисова
Зиния,Гинятуллина
Leonid,Zaitsev
Александр,Башкатов
Marika,Kostina
Альмир,Хисматов
Алия,Гильманова
Эдуард,Айзетов
Алёна,Константинопольская
Екатерина,Кириллова
Даниил,Ханнанов
ブラック,フォックス
Альмира,Ахметзяновв
Макс,Крюков
Рустем,Зиннатуллин
Руслан,Апселямов
Чингис,Дондупов
Аня,Зелёнкина
Ирина,Артемьева
Тимофей,Питерский
Александр,Трифонов
Инкогнит,Не
Павел,Марховец
Радалия,Евстигнеева
Анастасия,Неструева
Кирилл,Щёголев
Дмитрий,Тихомиров
Егор,Вороев
Света,Бедюх
Elizabeth,Krivtsova
Алина,Крицкова
Даниил,Панов
Алина,Локтионова
Юрий,Соболев
Liudmila,Kostina
Булат,Мирзин
Anetta,Stanislavovna
Владимир,Конопатов
Светлана,Трофимова
Тимур,Сабитов
Наталі,Басс
Андрей,Грошев
Анастасия,Кравчук
Олег,Панфутов
Лиза,Романова
Никита,Царёв
Катерина,Белякина
Шамиль,Галятдинов
Александр,Нуждин
Алёна,Насонова
Анастасия,Новикова
Ярослава,Бернадская
Роман,Муллагалиев
Иван,Максимов
Александра,Федорова
Айсылу,Сабирова
Илья,Шувакин
Анастасия,Бульба
Виоллета,Сарова
Юлия,Хасанова
Евгений,Никитенко
Анатолий,Осипов
Polina,Garifullina
Данил,Хабибуллин
Алла,Тищенко
Сергей,Сеничкин
Павел,Кайнов
Егор,Марков
Иван,Берназ
Giresse,Kutu
Ирина,Шаманова
Антон,Вратарьев
Елизавета,Ткачева
Фанис,Садртдиновы
Андрей,Сороколетов
Радик,Шарафиев
Дмитрий,Остапенко
Камил,Ахметгалиев
Ильназ,Ахмадуллин
Ольга,Куприянова
Арина,Гарусова
Руслан,Шахаев
Артём,Грот-Журавченко
Ирина,Полякова
Гузель,Гатауллина
Лариса,Кольцова
Яна,Кошелева
Олег,Семенов
Марат,Сабиров
Ирина,Панова
Демид,Фёклин
Олег,Рыков
Михаил,Коптев
Vladimir,Prokhorov
Гульназ,Тагирова
Игорь,Власенко
Алсу,Рамазанова
Павел,Журин
Айгиза,Ишбаева
Антон,Полухин
Роман,Коновалов
Оксана,Казакевич
Айнур,Марсельевич
Иринка,Гиголян
Никита,Гусаков
Татьяна,Никитина
Екатерина,Новикова
Анастасия,Андриянова
Дима,Касьянов
Алексей,Михайлов
Артем,Лисов
Раиль,Минабутдинов
Артем,Мануйлов
Льоша,Пеліх
Гульнара,Вафина
Александра,Лис
Лиза,Голубина
Фатима,Расулова
Анастасия,Черешенка
Николай,Победитель бурь!
Діана,Жовтенька
Саня,Борода
Яна,Идиятуллина
Алина,Мухаметова
Сергей,Гаинцев
Альберт,Ситдиков
Марина,Масютина
Igorek,Pasyev
Гузель,Халиуллина
Леонид,Русаков
Shy'm,Shyimieva
Алия,Иванова
Андрей,Федосеев
Линда,Паймерова
Елизавета,Кусаль
Геля,Гецман
Марина,Летучая
Георгий,Джандиери
Карина,Хасанова
Володя,Захаревич
Alena,Serebranskaya
Аленка,Плотникова
Ленар,Хузязанов
Максим,Максимов
Соня,Райлова
Юлия,Махалова
Игорешка,********
Марина,Гильванова
Дима,Кучер
Вова,Кекеев
Азиз,Шодиев
Кирилл,Камалов
Alina,Smurago
Жука,Кларнетт
Анастасия,Глухарева
Кирилл,Юзов
Юлия,Котик
Тимур,Куприянов
Евгений,Лукаш
Dima,Leontev
Данил,Красный
Николай,Махотин
Андрей,Бурлаков
Дашулька,Баркова
Галина,Истрова
Глеб,Харченко
Стас,Александров
Максим,Савельев
Никита,Верещагин
Любовь,Козлова
Даниль,Максудов
Серёжа,Иванов
Нина,Заречная
Белла,Саввон
Вика,Кулякина
Екатерина,Тимофеева
Татьяна,Володина
Дианочка,Меньшова
Ксюня,Волковская
Юлия,Мокшина
Евгения,Низамова
Фатима,Арсланова
Владислав,Шевцов
Ррррр,Кккккккк
Charlie,Chaplin
Снежана,Долгошеева
Лилия,Ниматуллаева
Вера,Климина
Ksenia,Romero
Мадина,Магомедова
Роман,Круглов
Евгений,Забелин
Зиля,Ильгизовна
Александр,Лабенский
Анастасия,Пилипенко
Кристина,Добродушная
Витёк,Михайлов
Макс,Стилл
Александр,Забелин
Иван,Иванов
Ани,Хачатрян
Дмитрий,Андриевский
Анастасия,Бабкина
София,Прохорова
Влад,Чуркин
Маргарита,Харламова
Светлана,Чернова
Денис,Гладышев
Вера,Шугаева
Заяц,Заяц
Эльвира,Гайнуллина
Александра,Альберг
Руслан,Мамедов
Ильмир,Мухаммадиев
Гриша,Абрамов
Вадим,Гурьянов
Роман,Карпунов
Екатерина,Пономарева
Адель,Галимов
Михаил,Вяткин
Илья,Владимиров
Елизавета,Янова
Энже,Галеева
Кто-То,Там
Владимир,Анохин
Юлия,Исаева
Денис,Ерофеев
Евгения,Михеева
Дмитрий,Пахомов
Рустам,Губайдуллин
Serega,Sega
Эллина,Сафронова
Ольга,Ермолаева-Бутусова
Илья,Щербинский
Дмитрий,Зинковский
Аня,Егорова
Руслан,Игнатьев
Дина,Крылова
Анастасия,Тазина
Василиса,Юркина
Рамиль,Зайдуллин
Мария,Маденова
Полина,Некрасова
Марина,Вагнер
Тимофей,Ковжун
Тимофей,Сайфутдинов
Рамис,Сафиуллин
Диана,Сыркина
Юрий,Афонин
Кира,Арсеньева
Джастин,Гилверт
Екатерина,Фролова
Диана,Иванова
Александра,Калашникова
Макс,Афанасьев
Тимоха,Джавадзэ
Лилия,Хайрутдинова
Иван,Нижегородов
Голуоглазый,Славянин
Артур,Пирожков
Алина,Демидова
Виолетта,Доминская
Никита,Никитин
Кристина,Шмат
Алина,Мингазова
Ислам,Тот-Самый
Serega,Kuzmin
Ксения,Гибадуллина
Man,Hooligan
Луиза,Валеева
Аделя,Басырова
Katrin,Zagrebelnaya
Василиса,Кошак
Айсылу,Файзрахманова
Луиза,Ярулина
Виктория,Розенталь
Илья,Япуков
Маша,Потапова
Вася,Антонь
Михаил,Белов
Наталья,Руденская
Радик,Бадиков
Станислав,Планов
Айдар,Гарифуллин
Nastya,Poletaeva
Fade,Dealer
Диана,Сычевская
Ярослава,Корепанова
Марат,Загидуллин
Алексей,Копнин
Нияз,Зиннатуллин
Азиза,Шугурмакова
Vitalii,Mukhin
Тимофей,Андреев
Елена,Шпунт
Никита,Ведерников
Евгений,Тавыриков
Зульфат,Сафин
Василий,Иванов
Филип,Донец
Елена,Маркина
Камилла,Багаутдинова
Ярослав,Хорошков
Соня,Феофилова
Виктор,Николаев
Илья,Семёновский
Роман,Казаков
Ирина,Глушакова
Егор,Моровлин
Ильшат,Саляхов
Сергей,Удалов
Лилия,Габдрахманова
Ольга,Аглиуллина
Артемий,Тимонов
Саша,Лебедева
Ирина,Селезнева
Дмитрий,Овчинников
Елена,Анатольевна
Ксения,Чертова
Лия,Николаева
Слава,Слава
Пётр,Иванов
Сергей,Тихановский
Денис,Бредихин
Александр,Куваев
Иван,Цанк
Алиса,Дамировна
Аля,Сычёва
Динар,Губайдуллин
Ксения,Бессонова
Ринат,Стребков
Иван,Иванов
Елена,Каримова
Алексей,Елесин
Юрий,Евграфов
Марина,Попова
Роман,Романов
Денис,Миронав
Антон,Першин
Михаил,Киселёв
Виктор,Прокофьев
Архип,Знаков
Антон,Попов
Лёша,Карпенко
Денис,Дудник
Антон,Мартынов
Рустем,Кадыров
Альберт,Зиганшин
Игорь,Панфилов
Aleksandra,Gutova
Максим,Вражнов
Катя,Ларионова
Igor,Vedernikov
Рина,Мамонова
Денис,Мещеряков
Юлия,Пензина
Гульчечек,Зялалова
Олег,Львовский
Супердимон,Воля
Паха,Пророк
Дана,Шнайдерман
Ярослав,Беляев
Вероника,Волкова
Ваня,Скрыпников
Макс,Фёдоров
Надежда,Дорощенко
Ксюша,Козырева
Анютка,Климова
Nikolas,Kopertehov
Валерия,Чистякова
Надюша,Мамедова
Анастасия,Силкина
Гоша,Квит
Максим,Шиляков
Михаил,Федоров
Даша,Шматкова
Светлана,Федоренко
Anna,Slastnykh
Алсу,Тимербаева
Айрат,Багманов
Александр,Шалкеев
Стас,Шуть
Кирилл,Братишкин
Динара,Добринькая
Николай,Бирюков
Артемий,Лютерштейн
Екатерина,Гаврилова
Рустем,Зарипов
Вячеслав,Вайдер
Самый,Самый
Кирилл,Гусев
Андрей,Довжик
Андрей,Кермин
Эльмира,Родова
Гульназ,Шайхаттарова
Сергей,Миронов
Кирилл,Белов
Марина,Немирова
Руставиль,Ибрагимович
Мадина,Каримова
Динара,Асхабова
Наташа,Панкрат
Александра,Костина
Энже,Нуруллина
Дарья,Красина
Мария,Бабушкина
Александр,Мишков
Юра,Горшков
Юля,Гренц
Денис,Дедялис
Ксюша,Владимирова
Никита,Петров
Владимир,Наумов
Лиля,Михайлова
Саша,Зов
Максим,Горлов
Дмитрий,Глушков
Вероника,Комарова
Малика,Садыкова
Азат,Татикян
Dıetwlıngs,Aıhengraffs
Юлия,Красных
Милан,Фахриев
Кирилл,Борзов
Денис,Максимов
Виктория,Горбачева
Максим,Амурский
Раиса,Гайсина
Анита,Блейк
Курт,Кобейн
Карина,Захарова
Екатерина,Миронова
Ринат,Тухватуллин
Василий,Гудков
Дмитрий,Нирванов
Anya,Belova
Варя,Акимова
Константин,Зюлин
Антон,Белый
Nazir,Amirov
Ирина,Бочерова
Дмитрий,Симаков
Лиля,Дорофеева
Олеся,Шаймарданова
Яна,Юрина
Олеся,Исмагилова
Зиля,Вильданова
Елизавета,Пылёва
Юлия,Кирсанова
Анна,Смирнова
Дарья,Франкова
Nikolai,Patrushev
Кристина,Цыбенко
Сабина,Семенова
Гульнара,Поррыкова
Александр,Ванюшин
Юля,Познахирко
Виталий,Рогозин
Динара,Аминева
Алика,Матушкина
Вероника,Фаистова
Виолетта,Орешкина
Ильшат,Саетов
Озодбек,Хамидов
Кирик,Крылов
Салават,Гатауллин
Слава,Еремин
Диана,Янтемирова
Мария,Негрыш
Андрей,Вахрин
Алексей,Рязанов
Ильнур,Шигапов
Людмила,Галкина
Ирина,Гафарова
Александр,Лада
Сергей,Осипов
Кирилл,Сенчуков
Олег,Давыдов
Зарина,Хасанова
Олег,Попов
Татьяна,Жданова
Виктор,Кузнецов
Тагир,Камальтдинов
Ксения,Сафронова
Раиль,Минабутдинов
Дмитрий,Коптин
Мария,Останина
Aleksandra,Aleksandrovna
Мария,Фролова
Руслан,Вагизов
Рома,Лялёвский
Алена,Мельникова
Женя,Пименова
Лилия,Кашапова
Максим,Любимов
Александр,Агиев
Юрий,Коновалов
Таня,Плотонова
Айгуль,Зиннатуллина
Лейсан,Попова
Ната,Ната
Ali,Hakim
Алена,Зимина
Мария,Шаблий
Вадим,Кузнецов
Дмитрий,Plakhin
Арсений,Булах
Александр,Водаватов
Алена,Тархова
Арсений,Кукин
Ирина,Ли
Василий,Ерохин
Александр,Страту
Руслан,Богданов
Юлия,Брюханова
Макс,Блатун
Viktoriya,Mefodeva
Чулпан,Ханова
Александра,Румянцева
Нелли,Асхарова
Александр,Трошкин
Anna,Chipa
Диана,Минасян
Николай,Сулимов
Регина,Мурина
Валерий,Дмитриев
No,Name
Артур,Красный
Дмитрий,Фитисов
Елена,Горячева
Евгений,Казанский
Анатолий,Мельник
Евгений,Дунин
Анастасия,Ремезова
Андрей,Денисов
Мелисса,Милевская
Ирина,Мударисова
Альбина,Галиуллина
Екатерина,Жукова
Роксолана,Лисовская
Женя,Щелкунова
Юлиана,Разумова
Малика,Хасанова
Леся,Андрусив
Светлана,Смирнова
Дарья,Пронина
Владимир,Гарапов
Galya,Gorkaya
Улукбек,Камбердинов
Айсель,Мамедова
Виктория,Касимова
Алексей,Коряков
Динар,Ривалов
Рина,Столярова
Владимир,Подкопаев
Эдик,Макаревич
Адель,Мухамедиев
Евгения,Мясникова
Станислав,Казанский
Михаил,Пахомов
Sharif,Baloch
Ирина,Махонина
Наталья,Сорокина
Анжелика,Алиева
Антон,Шливе
Наталья,Пешина
Василиса,Синькова
Екатерина,Корнева
Зорина,Айматова
Жалолиддин,Юлдашев
Evgeniu,Nikolaevich
Кирилл,Сибуров
Екатерина,Калинская
Светлана,Ботракова
София,Мамушкина
Татьяна,Кугушева
Крокодил,Даньди
Радик,Аминев
Елизавета,Измайлова
Алёна,Крутышкина
Денис,Цапков
Василий,Дерябин
Руслан,Мамедов
Нодир,Юсупов
Влад,Коваленко
Диляра,Сафина
Ангелина,Фель
Димас,Колоков
Серега,Абрамов
Семен,Жичин
Ксюша,Романова
Макс,Царев
Ольга,Дарьева
Эля,Лавруша
Адель,Гафин
Аркадий,Богомолов
Булат,Хадиев
Follow,Me
Алиса,Циммерман
Олег,Киселёв
Елена,Дмитриева
Марк,Алексеев
Женя,Хисамбиев
Татьяна,Петрова
Леся,Булаткина
Евгений,Магдеев
Слава,Панова
Регина,Санзапова
Катя,Пименова
Серёга,Казанский
Фархад,Камалов
Brigitte,Lindhoim
Женя,Верховный
Костя,Крицков
Михаил,Железняк
Екатерина,Марина
Матвей,Десятников
Анастасия,Салихова
Ольга,Царёва
Владимир,Медведев
Ленар,Габидуллин
Анастасия,Варлашина
Opti,Mizm
Рустем,Марселевич
Александр,Сидуков
Жанна,Мазина
Александр,Доломанов
Илья,Данилов
Макс,Степанов
Матвей,Баковский
Маша,Хазова
Виолетта,Рыберт
Раяна,Хамидуллина
Даниил,Жданов
Альмира,Шакирова
Алина,Агибалова
Василий,Первухин
Ирина,Гармасар
Марат,Бесфамильный
Максим,Аксютин
Татьяна,Беговатова
Mary,Madness
Альбина,Фефелова
Дмитрий,Дьяченко
Vladimir,Trifanov
Вадим,Самсонов
Радмила,Захарова
Катерина,Рыбина
Айгуль,Такаева
Елена,Гришина
Алина,Хамзина
Илья,Крашенинников
Ирина,Еноткина
Валентинка,Кутепова
Ксения,Нурулина
Никита,Третьяков
Анастасия,Михайлова
Мария,Панфилова
Вадим,Разживин
Александр,Войковский
Толян,Бессмертный
Tansel,Edgu
Юрий,Громов
Фаррух,Саломов
Абдераман,Ахмат
Рамазан,Латыпов
Екатерина,Соколова
Ульяна,Соколовская
Шахбаз,Османов
Лариса,Иванова
Евгений,Трифонов
Сергей,Свитнев
Наталия,Николаева
Александр,Киров
Аня,Ким
Анастасия,Захарова
Софа,Ералашова
Ангелина,Низамова
Евгения,Чевелёва
Андрей,Михаленков
Регина,Румянцева
Ярик-Ярослава,Антипова
София,Антипенко
Ева,Барских
Арсений,Кукштель
Сергей,Кузин
Александр,Вольфрам
Августина,Филатова
Вася,Алексеев
Элина,Мустакимова
Денис,Давыдов
Юлия,Орешникова
Игорь,Афонин
Кирилл,Никольский
Денис,Сорокин
Алёна,Хамидулина
Костя,Гимадиев
Елизавета,Бочарова
Алина,Хазиева
Юлия,Александровна
Нюша,Лазарева
Alina,Alina
Ксения,Емельянова
Masha,Marushina
Андрей,Карась
Алина,Волк
Федя,Макаров
Доминика,Байрамова
Ислам,Мамедов
Софья,Набатчикова
Дмитрий,Ломтев
Влад,Никешин
Татьяна,Харитонова
Эдораст,Губошлепов
Михаил,Макеев
Павел,Гуров
Артём,Васильев
Егор,Лопатин
Марат,Хасанов
Софья,Аветян
Расим-Rizo,Сафин
Валерия,Волохова
Кристина,Рэй
Диляра,Мингазова
Айгуль,Мусаева
Катя,Чеглакова
Сагын,Талдыбаев
Рина,Цвибак
Екатерина,Загороднева
Виктория,Папкова
Рем,Гафаров
Юлия,Зеленина
Артём,Глебов
Женя,Макарова
Елизавета,Степанова
Эльза,Леонова
Екатерина,Лалетина
Любомир,Балог
Милана,Котова
Ирина,Смышляева
Анна,Киданова
Даня,Фёдоров
Кристина,Ципина
Роман,Эскин
Михаил,Ковалев
Айгель,Ялалдинова
Алия,Иванова
Екатерина,Кутафина
Елена,Долгина
Елизавета,Лебедева
Энже,Нигматуллина
Меха,Насриева
Саша,Ичетовкина
Андрей,Сидоров
Наталия,Кожекина
Александр,Поправка
Евгений,Пригаро
Кирилл,Фёдоров
Слава,Плакиткин
Евгений,Долматов
Дима,Пономарёв
Дарья,Добровольская
Алина,Волконская
Общий,Друг
Даня,Верховный
Нуриман,Мугинов
Алексей,Воропаев
Тимур,Гарифуллин
Ivelina,Laff
Олеся,Кузнецова
Артур,Гаязов
Секретный,Бобр
Саша,Сердюков
Marina,Demina
Анастасия,Чекмарёва
Анна,Шульц
Стас,Урицкий
Кирилл,Авдеев
Лёня,Гатилов
Регина,Исламова
Ксюша,Краско
Дилнура,Ашурова
Алина,Казанская
Давид,Золотов
Ирина,Ириска
Алексей,Алексев
Анюта-Мухамедова,Кукушкина
Рустам,Ириповский
Елена,Пименова
Вячеслав,Малородний
Лейсан,Маратова
Joshua,Gonzalez
Данир,Валеев
Яна,Чернышкова
Мария,Бокова-Бурцева
Константин,Караваев
Равиль,Разяпов
Марина,Толкачёва
Дима,Сиренко
Александра,Беркутова
Алексей,Зелёночаев
Сергей,Кравцов
Гульназ,Файзрахманова
Дана,Летавица
kuba.xui@,mail.ru
Эдуард,Амплеев
Ильшат,Гайфуллин
Алексей,Филимончев
Аня,Махач
Андрей,Егоров
Михаил,Шилов
Рауль,Мамаев
Максим,Дукач
Антон,Ивлев
Александра,Черкасова
Ксения,Коледенкова
Лиза,Иванова
Глубина,Голубя
Полина,Маркова
Вадим,Касимов
Дмитрий,Кушнер
Анна,Гришкевич
Роман,Романов
Злата,Шпакова
Юрий,Гуренков
Dj,Anonim
Максим,Лукьянов
Ксения,Кутафина
Елена,Кручинина
Юлия,Дубовицкая
Антон,Сагитов
Андрей,Смирнов
Марта,Матвеева
Максим,Милославский
Антон,Шнайдер
Даниил,Кравцов
Илья,Панченко
Татьяна,Семяшкина
Эдуард,Ярый
Ильсина,Садыкова
Валерия,Меладзе
Галя,Ржаксенская
Алёна,Шемануева
Анна,Жулькина
Максим,Горишний
Ксения,Харченко
Кузьма,Сютин
Алевтина,Лапшова
Аяз,Сабирзянов
Ильназ,Мусин
Снежана,Казначеева
Анастасия,Лазарева
Влад,Акутин
Зуля,Маннанова
Миша,Перфилов
Olia,Bachurina
Анастасия,Майорова
Nikita,Churikov
Алина,Щукина
Sasha,Mikaelson
Евгения,Якимова
Влад,Ерин
Кристина,Агапова
Алина,Мухамедшина
Накибя,Курмалиева
Альбина,Тагирова
Алёшка,Сухинин
Миша,Баранов
Адиля,Гараева
Светланка,Олюнина
Ксения,Попова
Алик,Рахматов
Лёва,Самойлов
Стас,Никитин
Максим,Федонин
Максим,Мельников
Ильхам,Хасанов
Булат,Мадиев
Толя,Андронов
Игорь,Сокрута
Karina,Bolshakova
Дмитрий,Ежов
Рюрик,Бедросов
Анастасия,Кузнецова
Елена,Чернова
Анастасия,Николаева
Evelyn,Tsoneva
Алёнка,Юркова
Екатерина,Туровская
Айза,Юлдашева
Сергей,Долматов
Елена,Пермякова
Екатерина,Кирясова
Татьяна,Ларина
Аня,Черняева
Влад,Мусиев'самураев
Лёха,Шишебаров
Даша,Павлова
Егор,Максимов
Ильнур,Яруллин
Вадим,Матвеев
Айназ,Хамидуллин
Регина,Абкаимова
Павел,Гаврилов
Азат,Султанов
Юлия,Ведищева
Alex,Hitch
Максим,Круковский
Полина,Зайцева
Полина,Осадчева
Эльза,Бикшеева
Юлия,Корнилова
Misha,Wright
Сергей,Герваш
Ирина,Лаврентьева
Оленька,Арапова
Борис,Тулупчиков
Марена,Броуд
Ольга,Бармина
Юлия,Ермошкина
Ангелина,Тугеева
Юля,Елесеева
Нина,Майснер
Ирек,Медведев
Veronika,Kostina
Лилия,Мусина
Ольга,Белова
Радик,Татарский
Людмила,Сапожникова
Светлана,Рудина
Александра,Полушина
Серёжа,Якунин
Анастасия,Смирнова
Андрей,Савельев
Айнур,Гафаров
Эрлан,Атабеков
Артем,Гаврош
Павел,Кудрявцев
Алина,Гордеева
Вика,'кощеева
Полина,Малыхина
Людмила,Корнелюк
Анастасия,Шутова
Артем,Киньябаев
Ярослав,Найден
Дмитрий,Щербаков
Анатолий,Кашпировский
Сергей,Захарьков
Элина,Хуснудинова
Иван,Коровин
Никита,Назаров
Елена,Лисовская
Луиза,Шарафутдинова
Катя,Зайкина
Камилла,Шакирова
Анна,Неигрушки
Маргарита,Погодина
Катя,Капралова
Дарья,Миронова
Дима,Пихтин
Александр,Аитов
Марат,Гайнутдинов
Эмили,Блант
Дарья,Когтева
Кристина,Миронова
Гузель,Назятова
Валерия,Земская
Тимофей,Анекин
Ольга,Казанцева
Сергей,Фёдоров
Виктория,Ахметзянова
Андрей,Куропатов
Оля,Драч
Денис,Пыжов
Алия,Нинилина
Владлена,Попова
Марсель,Рахматуллин
Диляра,Шарипова
Олечка,Овчинникова
Дмитрий,Артемов
Джахангир,Шарипов
Артур,Гарипов
Анастасия,Ефимова
Сергей,Жуков
Роман,Шилов
Раиль,Хайруллин
Анюта,Антипова
Diana,Dark
Ира,Магдеева
Мария,Должанская
Дарья,Савина
Alexey,Ermakov
Надя,Пешехонова
Гульфия,Абзалова
Азриэль,Литвинова
Александр,Кулибин
Sweet,Girl
Сергей,Демидов
Анастасия,Романова
Динара,Шарафутдинова
Камилла,Гурьянова
Александр,Небыков
Анна,Анисимова
Павел,Шатохин
Светлана,Игумнова
Аделина,Милкович
Дмитрий,Вяре
Снежана,Пикалова
Андрей,Моран
Дмитрий,Липчанский
Ваня,Савчук
Артём,Федосеев
Самира,Ишметова
Алина,Артемьева
Елена,Смирнова
Анастасия,Исенбаева
Камиль,Галиев
Евгений,Базив
Илья,Журкин
Гузель,Хайруллина
Данил,Алексеев
Мария,Смирнова
Алина,Хакимуллина
Ольга,Каськова
Николай,Басков
Nastya,Appolonova
Алексей,Кихтенко
Мария,Кузавская
Олег,Гагаркин
Полина,Воронина
Катерина,Маморцева
Артём,Борисов
Руслан,Неизвестный
Айдар,Валитов
Рада,Хайрулина
Анна,Ванюшкина
Михаил,Трушин
Светлана,Симанина
Татьяна,Голова
Александр,Белый
Регина,Егорова
Мила,Белозёрова
Хикмат,Тагиев
Ольга,Юртаева
Света,Гришина
Кирилл,Петрушка
Тимофей,Егоров
Екатерина,Василенко
Александра,Родина
Иван,Кожевников
Фирдус,Мухаметшин
Darya,Korotkova
Ильфар,Гатиятуллин
Елизавета,Сизова
Тёма,Козырев
Карим,Муратов
Акира,Никайдо
Саша,Яковлев
Rainbow,Dash
Даня,Милохин
Няска,Казанская
Татьяна,Доронина
Дмитрий,Галкин
Anisa,Saidova
Александр,Бочагов
Валерия,Кинг
Арсений,Хомяков
Виктория,Сереброва
Александр,Каранов
Александр,Загребин
Татьяна,Любимова
Светлана,Авраменко
Анастасия,Борман
Венера,Ибрагимова
Юлия,Правдивая
Вадим,Луканов
Амир,Бикмухаметов
Денис,Стрелков
Регишечка,Сафарова
Ксения,Швецова
Максим,Фомичев
Crazy,Man
Мария,Некрасова
Мария,Романова
Роман,Белоусов
Миша,Фурин
Александр,Фартовый
Стас,Московский
Роман,Суряков
Вера,Ветрова
Александр,Хулиган
Юлия,Лукашенко
Раиф,Маликов
Даниил,Ларсен
Антон,Андреев
Валерия,Рудковская
Ислам,Ингушетия
Марина,Безфамильная
Андрей,Иванов
Вадим,Денисенко
Алина,Малина
Олег,Левченко
Катя,Кутявина
Алекс,Передерий
Юлия,Чукарина
Кира,Вишня
Настёна,Сластёна
Илья,Митин
Владислав-Рэмбо,Ульянов
Алексей,Марков
Дмитрий,Баранов
Philipp,Onosov
Ангелина,Новикова
То,То
Алина,Цыплина
Галина,Фирсова
Ваня,Анисин
Кристина,Марченко
Юлька,Бандитова
Дамир,Ханифуллин
Агата,Котова
Наиль,Гарафутдинов
Антон,Конев
Виктория,Каримова
Диана,Хамидуллина
Дмитрий,Алёшин
Алена,Роговская
Иван,Кнатис
Айсылу,Алтынбаева
Раниль,Губайдуллин
Екатерина,Расколова
Павел,Хамицевич
София,Сотникова
Илья,Кудаков
Рина,Кравчук
Арнольд,Чернопахарев
Владимир,Любимов
Румиля,Мурадуллина
Евгения,Мухамедьярова
Димка,Кондратьев
Леся,Власова
Анка,Ерофеева
Рината,Халиуллина
Алексей,Манухов
Анна,Калинина
Герасим,Пчелкин
Равиль,Быков
Анастасия,Кузнецова
Камила,Шарафиева
Вова,Доска
Макс,Краюшкин
Александра,Долгая
Айнур,Гумеров
Данис,Валеев
Александр,Мальшин
Владимир,Нечаев
Люциус,Малфой
Наталья,Кирилюк
Булат,Нурфаязович
Анастасия,Антонова
Кристина-Любимая,Понедельникова
Айнур,Гимазов
Валерия,Соколова
Виталик,Дудников
Анора,Алиева
Алексей,Ашерчук
Регишка,Заболотских
Елизавета,Полякова
Артем,Бережнов
Natasha,Khomutskaya
Диана,Вильданова
Андрей,Ульянов
Ростислава,Рождественская
Ирина,Поликарпова
Дарина,Саетбатталова
Айрат,Яхин
Елена,Петрова
Михаил,Сыровегин
Хадиджа,Алиева
Айгуль,Решетникова
Дильшад,Джаникулов
Руслан,Алиакберов
Валерий,Белов
Karina,Ravilevna
Зульфия,Габдулхаева
Лена,Ризванова
Женька,Грицков
Igor,Lekarev
Мария,Селезнева
Мария,Соколова
Диана,Григорьева
Юрий,Борисов
Татьяна,Дунаева
Ольга,Сапожникова
Руслам,Холиков
Кристина,Каримова
Ruslan,Khisanov
Виктория,Маянова
Мария,Гогричиани
Анатолий,Трофимов
Надежда,Сергеева
Александр,Виноградов
Дарина,Баранова
Мария,Емельянова
Светлана,Игнатова
Константин,Алексеев
Таня,Endlesssummer
Саша,Зубов
Анастасия,Грибанова
Илюс,Султанов
Анастасия,Шарифьянова
Татьяна,Федина
Рамис,Сабиров
Влад,Валуев
Слава,Земиров
Леночка,Солнцева
Эльвира,Акинчиц
Алиса,Воскобойникова
St,Em
Ирина,Кузьмина
Азалия,Муратова
Slava,Bastrakov
Настя,Шакурова
Ольга,Кротова
Алишер,Давлатов
Вова,Юдинцев
Люсьена,Ефимова
Ольга,Вылегжанина
Вероника,Кандыркина
Анна,Костина
Адьян,Коркаев
Артур,Юсупов
Алсу,Болконская
Baxa,Volkov
Олег,Иванов
Павел,Семёнов
Вася,Мирось
Виктория,Антонова
Тимур,Хайруллин
Григорий,Симонов
Максим,Петров
Алина,Хусаинова
Евгений,Грецкий
Максим,Бодиев
Ева,Афанасьева
Иван,Маркин
Артём,Мухин
Ильдар,Яхин
Кирилл,Летов
Евгений,Любашин
Жама,Айбекова
Надежда,Саидахмедова
Илья,Чекулаев
Эльвира,Ризатдинова
Виктория,Романовская
Влада,Васильева
Сергей,Кобра
Дмитрий,Виноградов
Полина,Горбунова
Gregory,Vass
Даня,Родин
Гульназ,Аитова
Валерий,Куприн
Ольга,Крупина
Эдуард,Красивый
Севара,Кресс
Софья,Лялечкина
Катя,Назарова
Светлана,Калинина
Сергей,Зобов
Максим,Донов
Саша,Грохан
Лера,Ермолаева
Вера,Симонова
Дмитрий,Смирнов
Егор,Громов
Кира,Листьева
Светлана,Милованова
Алия,Аношкина
Алишер,Моргенштерн
Блошки,Тихоненко
Ася,Кулик
Станислав,Алиханов
Гар,Дмитриев
Алмаз,Билялов
Максим,Лавров
Дамир,Марсельевич
Андрюха,Смирнов
Роман,Тельнов
Николай,Гащук
Андрей,Ашмарин
Никита,Дементьев
Антон,Чернорук
Мария,Исакова
Алина,Москвина
Сергей,Олейников
Дмитрий,Бушуев
Артур,Hell
Анна,Медведева
Виктория,Самсонова
Алина,Фаизрахманова
Кристина,Бельская
Илюса,Давлетшина
Темур,Бат
Наталья,Каймолова
Илья,Джокер
Артур,Мухаметшин
Маша,Катасёва
Аэлита,Галимова
Влад,Платонов
Аида,Фасхиева
Артур,Зайнуллин
Павел,Чекмарев
Лена,Козырева
Nikita,Zaikin
Елена,Анищенкова
Никита,Иванов
Игорь,Филатов
Александр,Чурай
Владимир,Томников
Алсу,Закирова
Дарья,Солнцева
Тимур,Нургалеев
Вика,Волкова
Мира,Исмаилова
Руслан,Шуматов
Катя,Котерева
Марат,Сабирзянов
Александр,Шаповал
Нина,Попова
Ярик,Уланов
Света,Зайнуллина
Мила,Новикова
Александр,Воронков
Ольга,Сергеевна
Вика,Васлявкина
Данил,Абсалямов
Nymph,Angeloid
Дмитрий,Ушарук
Никита,Авдеев
Кирилл,Кудимов
Александр,Деготьков
Лилия,Халилуллина
Артур,Биктаев
Арслан,Батталов
Марина,Миронова
Михаил,Зайцев
Оля,Дерменёва
Павел,Дмитриев
Анастасия,Жданова
Алексей,Фуерте
Анастасия,Шумакова
Евгений,Агафонов
Лилия,Долгополова
Олег,Леонов
Элина,Кузнецова
Артем,Ярченко
Марсель,Загидуллин
Ольга,Иванова
Яков,Королев
Артём,Флегонтов
Арина,Горчакова
Лиза,Жарких
Полина,Дмитриева
Татьяна,Чабан
Григорий,Григорьев
Собака,Панина
Дмитрий,Петров
Кристина,Фомина
Азиз,Юсупов
Виктория,Рокина
Светлана,Кабакова
Евгений,Ларин
Кирилл,Колдашов
Кристина,Абдрахимова
Ольга,Кустова
Ирина,Ежова
Елизавета,Малинская
Эмилия,Мусаева
Настя,Зайцева
Артем,Андреев
Алиночка,Махкамова
Лёха,Зайцев
Юлия,Цветкова
Денис,Ерофеев
Илькин,Мамиев
Гвоздь,Ка
Александр,Филин
Алёна,Шляхтина
София,Ильина
Влад,Соколовский
Оксана,Гаврилова
Дарья,Скворцова
Максим,Абрамов
Кирилл,Ландырев
Дарина,Шелест
Карина,Власова
Serega,Misнunin
Максим,Кыдыров
Екатерина,Фунгусова
Денис,Бублис
Алексей,Квадратенко
Александр,Еремин
Nu,Na
Али,Шейхов
Станислав,Коломенский
Павел,Смирнов
Сергей,Гринцов
Анна,Каримова
Полина,Рафаилова
Лиза,Корчева
Кирилл,Сергеев
Юлия,Весенева
Разина,Каримова
Гульназ,Хисматова
Владимир,Лобин
Алсу,Гараева
Никита,Рубцов
Олег,Фролов
Олег,Николаенко
Yours,Problems
Валерия,Агафонова
Алексей,Богомолов
Людмила,Ковалева
Aleksandr,Vengerovskiy
Гельсиря,Аглиева
Марианна,Ефремова
Кирилл,Тяглик
Маргарита,Петрова
Дмитрий,Гречищев
Андрий,Соколов
Эльшад,Алиев
Анастасия,Лёвочкина
